{
	"description": "项目配置文件。",
	"setting": {
		"urlCheck": true,
		"es6": true,
		"postcss": true,
		"minified": true,
		"newFeature": true
	},
	"compileType": "miniprogram",
	"libVersion": "1.9.94",
	"appid": "wx084ffb97604baffc",
	"projectname": "%E4%BC%97%E4%B9%90%E8%BD%AF%E4%BB%B6",
	"isGameTourist": false,
	"condition": {
		"search": {
			"current": -1,
			"list": []
		},
		"conversation": {
			"current": -1,
			"list": []
		},
		"plugin": {
			"current": -1,
			"list": []
		},
		"game": {
			"currentL": -1,
			"list": []
		},
		"miniprogram": {
			"current": 0,
			"list": [
				{
					"id": -1,
					"name": "login",
					"pathName": "pages/login/login",
					"query": ""
				},
				{
					"id": -1,
					"name": "faq",
					"pathName": "pages/faq/index",
					"query": ""
				}
			]
		}
	}
}